City_ID,City,Country,Date,Lat,Lng,Max Temp,Humidity,Cloudiness,Wind Speed
0,Kieta,PG,2022-07-05 16:58:52,-6.2167,155.6333,79.02,82,100,2.62
1,Ulladulla,AU,2022-07-05 16:58:53,-35.35,150.4667,55.36,83,98,9.17
2,Vaini,TO,2022-07-05 16:58:53,-21.2,-175.2,69.96,73,20,8.05
3,Mungwi,ZM,2022-07-05 16:58:53,-10.1732,31.3694,59.68,47,2,5.03
4,Kapaa,US,2022-07-05 16:58:54,22.0752,-159.319,75.52,87,40,18.41
5,Urucui,BR,2022-07-05 16:58:54,-7.2294,-44.5561,94.05,29,7,10.25
6,Khatanga,RU,2022-07-05 16:58:55,71.9667,102.5,55.06,50,100,2.86
7,Tuatapere,NZ,2022-07-05 16:58:55,-46.1333,167.6833,42.1,77,66,10.0
8,Castro,BR,2022-07-05 16:58:55,-24.7911,-50.0119,70.48,46,78,7.16
9,Asau,RO,2022-07-05 16:58:56,46.4333,26.4,87.28,48,51,0.4
10,Hervey Bay,AU,2022-07-05 16:58:56,-25.2986,152.8535,55.02,96,100,11.99
11,Berlevag,NO,2022-07-05 16:54:16,70.8578,29.0864,62.4,87,100,17.27
12,Ancud,CL,2022-07-05 16:58:57,-41.8697,-73.8203,44.22,76,100,17.92
13,Tasiilaq,GL,2022-07-05 16:58:58,65.6145,-37.6368,39.58,80,77,1.52
14,New Norfolk,AU,2022-07-05 16:58:58,-42.7826,147.0587,43.72,88,77,2.08
15,Arraial Do Cabo,BR,2022-07-05 16:58:58,-22.9661,-42.0278,85.96,42,0,12.66
16,Talnakh,RU,2022-07-05 16:58:59,69.4865,88.3972,56.21,51,54,6.08
17,Punta Arenas,CL,2022-07-05 16:55:48,-53.15,-70.9167,32.02,100,75,5.75
18,Kiunga,PG,2022-07-05 16:59:00,-6.1219,141.2906,72.88,100,100,1.01
19,Bengkulu,ID,2022-07-05 16:59:00,-3.8004,102.2655,77.23,89,100,2.84
20,Mataura,NZ,2022-07-05 16:59:01,-46.1927,168.8643,45.48,72,63,9.13
21,Kaputa,ZM,2022-07-05 16:59:02,-8.4689,29.6619,70.48,43,29,4.23
22,Busselton,AU,2022-07-05 16:54:03,-33.65,115.3333,52.79,66,81,9.17
23,Ushuaia,AR,2022-07-05 16:59:02,-54.8,-68.3,33.46,75,20,4.61
24,Victoria,HK,2022-07-05 16:56:15,22.2855,114.1577,84.33,89,100,5.99
25,Sorland,NO,2022-07-05 16:59:03,67.667,12.6934,53.46,85,100,25.03
26,Cidreira,BR,2022-07-05 16:59:04,-30.1811,-50.2056,69.3,79,78,6.35
27,Bluff,NZ,2022-07-05 16:59:04,-46.6,168.3333,45.81,65,95,23.62
28,Mount Isa,AU,2022-07-05 16:59:04,-20.7333,139.5,42.57,100,58,3.44
29,Sao Filipe,CV,2022-07-05 16:59:05,14.8961,-24.4956,75.63,81,42,6.17
30,Kendrapara,IN,2022-07-05 16:59:05,20.5042,86.416,82.38,82,100,5.12
31,Hobart,AU,2022-07-05 16:59:06,-42.8794,147.3294,44.06,95,75,9.22
32,Barrow,US,2022-07-05 16:59:06,71.2906,-156.7887,37.42,93,100,4.61
33,El Alto,PE,2022-07-05 16:59:07,-4.2714,-81.2147,69.46,62,9,14.56
34,Mahanoro,MG,2022-07-05 16:59:07,-19.9,48.8,67.55,75,2,1.52
35,Hermanus,ZA,2022-07-05 16:59:08,-34.4187,19.2345,52.81,72,9,0.94
36,Majene,ID,2022-07-05 16:59:08,-3.5403,118.9707,78.17,88,87,7.83
37,Severo-Kurilsk,RU,2022-07-05 16:59:09,50.6789,156.125,50.63,77,55,9.19
38,Rikitea,PF,2022-07-05 16:59:09,-23.1203,-134.9692,76.21,74,40,14.81
39,Puerto Ayora,EC,2022-07-05 16:59:09,-0.7393,-90.3518,76.96,87,81,10.0
40,Carnarvon,AU,2022-07-05 16:59:10,-24.8667,113.6333,65.23,45,0,8.75
41,Mayumba,GA,2022-07-05 16:59:10,-3.432,10.6554,71.8,82,10,8.72
42,Chokurdakh,RU,2022-07-05 16:59:11,70.6333,147.9167,40.35,75,100,18.95
43,Chuy,UY,2022-07-05 16:59:11,-33.6971,-53.4616,59.0,81,95,9.33
44,Kaitangata,NZ,2022-07-05 16:59:12,-46.2817,169.8464,44.56,68,28,14.85
45,Harper,LR,2022-07-05 16:59:13,4.375,-7.7169,78.58,77,82,9.89
46,East London,ZA,2022-07-05 16:59:14,-33.0153,27.9116,59.94,88,0,3.44
47,Maldonado,UY,2022-07-05 16:59:14,-34.6667,-54.9167,56.59,69,27,7.18
48,San Patricio,US,2022-07-05 16:59:14,28.017,-97.5169,94.15,46,11,15.21
49,George Town,MY,2022-07-05 16:56:31,5.4112,100.3354,82.89,85,40,0.0
50,Norman Wells,CA,2022-07-05 16:59:15,65.282,-126.8329,68.04,52,75,9.22
51,Coruripe,BR,2022-07-05 16:59:15,-10.1256,-36.1756,78.21,74,21,13.24
52,Upernavik,GL,2022-07-05 16:59:16,72.7868,-56.1549,39.09,87,53,8.75
53,Norwalk,US,2022-07-05 16:59:16,33.9022,-118.0817,76.01,66,40,1.99
54,Grindavik,IS,2022-07-05 16:59:17,63.8424,-22.4338,58.95,87,100,5.75
55,Sokoto,NG,2022-07-05 16:59:17,13.0609,5.239,94.86,33,70,3.49
56,Hay River,CA,2022-07-05 16:59:18,60.8156,-115.7999,71.58,30,40,11.5
57,Araouane,ML,2022-07-05 16:59:18,18.9048,-3.5265,109.81,7,22,8.05
58,Monte Alegre,BR,2022-07-05 16:59:19,-2.0078,-54.0692,85.69,63,34,3.78
59,Sinnamary,GF,2022-07-05 16:59:19,5.3833,-52.95,82.51,75,29,6.78
60,Port Alfred,ZA,2022-07-05 16:59:19,-33.5906,26.891,58.17,92,95,1.99
61,Dubbo,AU,2022-07-05 16:59:20,-32.25,148.6167,51.93,87,100,6.91
62,Flin Flon,CA,2022-07-05 16:59:20,54.7682,-101.865,66.04,42,40,6.91
63,Pangnirtung,CA,2022-07-05 16:59:21,66.1451,-65.7125,48.2,76,75,12.66
64,Xuanhua,CN,2022-07-05 16:59:21,40.6103,115.0447,67.39,82,100,1.83
65,Dhrangadhra,IN,2022-07-05 16:59:22,22.9833,71.4667,84.22,78,100,14.65
66,Vanimo,PG,2022-07-05 16:59:22,-2.6741,141.3028,78.96,83,100,2.68
67,Port Elizabeth,ZA,2022-07-05 16:59:23,-33.918,25.5701,61.32,88,20,10.36
68,Marawi,PH,2022-07-05 16:59:23,7.9986,124.2928,69.28,95,100,3.02
69,Jaru,BR,2022-07-05 16:59:23,-10.4389,-62.4664,92.32,34,53,5.17
70,Yellowknife,CA,2022-07-05 16:54:57,62.456,-114.3525,68.56,45,25,4.0
71,Baruun-Urt,MN,2022-07-05 16:59:25,46.6806,113.2792,60.48,79,93,8.48
72,Albany,US,2022-07-05 16:57:14,42.6001,-73.9662,76.95,69,100,5.06
73,Gorontalo,ID,2022-07-05 16:59:26,0.5412,123.0595,74.1,92,100,1.83
74,Zhezkazgan,KZ,2022-07-05 16:59:26,47.8043,67.7144,67.1,45,79,5.21
75,Deputatskiy,RU,2022-07-05 16:59:26,69.3,139.9,38.79,75,89,5.3
76,Sur,OM,2022-07-05 16:59:27,22.5667,59.5289,86.27,74,100,11.88
77,Marystown,CA,2022-07-05 16:59:27,47.1666,-55.1483,65.86,100,15,3.0
78,Avarua,CK,2022-07-05 16:59:28,-21.2078,-159.775,73.45,64,40,9.22
79,Lorengau,PG,2022-07-05 16:59:28,-2.0226,147.2712,80.92,78,99,3.91
80,Yar-Sale,RU,2022-07-05 16:59:29,66.8333,70.8333,54.21,96,100,3.78
81,Dunedin,NZ,2022-07-05 16:59:29,-45.8742,170.5036,45.81,57,16,17.0
82,Bilozerka,UA,2022-07-05 16:59:29,46.6248,32.4425,80.83,43,38,10.63
83,Mount Gambier,AU,2022-07-05 16:59:30,-37.8333,140.7667,39.11,93,100,6.91
84,Shingu,JP,2022-07-05 16:59:12,33.7333,135.9833,76.26,95,95,4.34
85,Butaritari,KI,2022-07-05 16:59:31,3.0707,172.7902,82.65,76,85,22.35
86,Faanui,PF,2022-07-05 16:59:31,-16.4833,-151.75,79.39,75,24,17.6
87,Saskylakh,RU,2022-07-05 16:59:32,71.9167,114.0833,47.77,95,100,4.0
88,Honiara,SB,2022-07-05 16:59:32,-9.4333,159.95,77.25,88,95,9.28
89,Salalah,OM,2022-07-05 16:59:34,17.0151,54.0924,79.7,90,100,8.43
90,Gimli,CA,2022-07-05 16:57:22,50.6336,-96.9907,64.8,74,73,8.43
91,Nong Chik,TH,2022-07-05 16:59:34,6.8436,101.178,78.64,79,83,6.44
92,Teya,RU,2022-07-05 16:59:35,60.3778,92.6267,57.42,75,89,2.95
93,Ribeira Grande,PT,2022-07-05 16:59:36,38.5167,-28.7,72.0,64,40,11.5
94,Thompson,CA,2022-07-05 16:59:36,55.7435,-97.8558,66.36,42,40,5.75
95,Fertod,HU,2022-07-05 16:59:37,47.6195,16.8868,74.12,78,100,14.29
96,Hailey,US,2022-07-05 16:59:37,43.5196,-114.3153,74.98,37,87,3.44
97,Boden,SE,2022-07-05 16:59:38,65.8252,21.6886,64.4,82,31,10.07
98,Abha,SA,2022-07-05 16:59:38,18.2164,42.5053,73.65,38,75,11.5
99,Bambous Virieux,MU,2022-07-05 16:59:38,-20.3428,57.7575,70.05,64,75,9.22
100,Mar Del Plata,AR,2022-07-05 16:55:32,-38.0023,-57.5575,57.22,30,0,5.75
101,Faget,RO,2022-07-05 16:59:39,45.85,22.1833,86.31,32,66,8.97
102,Agadir,MA,2022-07-05 16:59:40,30.4202,-9.5982,84.65,52,29,4.94
103,Bathsheba,BB,2022-07-05 16:59:40,13.2167,-59.5167,88.41,81,20,17.27
104,Itaituba,BR,2022-07-05 16:59:40,-4.2761,-55.9836,89.76,58,20,5.75
105,Loandjili,CG,2022-07-05 16:59:41,-4.7561,11.8578,71.92,82,7,10.07
106,Port-Gentil,GA,2022-07-05 16:59:41,-0.7193,8.7815,76.96,78,75,13.8
107,Walvis Bay,NA,2022-07-05 16:59:42,-22.9575,14.5053,65.35,55,0,13.8
108,Qostanay,KZ,2022-07-05 16:59:42,53.1667,63.5833,55.69,82,75,6.71
109,Taybad,IR,2022-07-05 16:59:43,34.74,60.7756,78.64,26,1,27.47
110,Moree,AU,2022-07-05 16:59:43,-29.4667,149.85,48.22,93,100,2.3
111,Anloga,GH,2022-07-05 16:59:44,5.7947,0.8973,78.26,81,99,12.03
112,Gulariya,NP,2022-07-05 16:59:44,28.2333,81.3333,91.18,50,21,5.66
113,Morehead,US,2022-07-05 16:56:28,37.2711,-87.1764,93.78,58,40,4.61
114,Hilo,US,2022-07-05 16:59:45,19.7297,-155.09,82.27,90,78,3.0
115,High Level,CA,2022-07-05 16:55:34,58.5169,-117.136,64.51,63,40,6.91
116,Hun,LY,2022-07-05 16:59:45,29.1268,15.9477,95.05,19,0,20.92
117,Bethel,US,2022-07-05 16:56:08,41.3712,-73.414,85.05,54,95,1.99
118,Bredasdorp,ZA,2022-07-05 16:59:46,-34.5322,20.0403,54.19,72,80,2.64
119,Port Lincoln,AU,2022-07-05 16:59:46,-34.7333,135.8667,48.69,74,0,6.13
120,Bismarck,US,2022-07-05 16:56:22,46.8083,-100.7837,69.64,88,75,9.22
121,Pevek,RU,2022-07-05 16:59:47,69.7008,170.3133,45.27,73,100,19.3
122,Cape Town,ZA,2022-07-05 16:59:47,-33.9258,18.4232,57.61,83,20,9.22
123,Klaksvik,FO,2022-07-05 16:59:48,62.2266,-6.589,52.72,81,89,10.65
124,Mahebourg,MU,2022-07-05 16:55:09,-20.4081,57.7,70.09,64,75,9.22
125,Kodiak,US,2022-07-05 16:59:48,57.79,-152.4072,55.02,82,100,0.92
126,Mersing,MY,2022-07-05 16:59:49,2.4312,103.8405,76.91,94,40,5.75
127,Narsaq,GL,2022-07-05 16:59:49,60.9167,-46.05,45.72,99,100,5.39
128,Dzhebariki-Khaya,RU,2022-07-05 16:59:50,62.2167,135.8,71.44,80,34,2.89
129,Aksarka,RU,2022-07-05 16:59:50,66.5606,67.7975,57.94,94,100,5.7
130,Port Blair,IN,2022-07-05 16:59:51,11.6667,92.75,77.04,88,100,10.36
131,Margate,GB,2022-07-05 16:59:51,51.3813,1.3862,71.11,63,94,3.0
132,Geraldton,AU,2022-07-05 16:59:52,-28.7667,114.6,57.61,94,100,5.75
133,Isla Mujeres,MX,2022-07-05 16:59:53,21.2311,-86.731,87.85,69,93,7.65
134,Dikson,RU,2022-07-05 16:59:53,73.5069,80.5464,36.3,94,100,7.29
135,Buchanan,LR,2022-07-05 16:59:54,5.8808,-10.0467,79.95,74,48,7.56
136,Ashland,US,2022-07-05 16:58:52,40.8167,-82.2665,74.1,77,100,14.63
137,Shimoda,JP,2022-07-05 16:59:54,34.6667,138.95,75.11,92,95,7.65
138,Nisia Floresta,BR,2022-07-05 16:59:55,-6.0911,-35.2086,84.58,66,9,13.2
139,Tuktoyaktuk,CA,2022-07-05 16:59:55,69.4541,-133.0374,46.53,84,100,7.11
140,Cukai,MY,2022-07-05 16:59:56,4.25,103.4167,78.75,88,100,1.74
141,Abashiri,JP,2022-07-05 16:55:53,44.0213,144.2697,61.95,95,93,1.52
142,Fort Wellington,GY,2022-07-05 16:59:56,6.4,-57.6,84.99,63,94,5.23
143,Codrington,AU,2022-07-05 16:59:57,-38.2667,141.9667,41.27,95,7,7.23
144,Kralendijk,BQ,2022-07-05 16:59:57,12.15,-68.2667,80.31,82,82,17.47
145,Komsomolskiy,UZ,2022-07-05 16:59:58,40.4272,71.7189,79.52,27,16,4.61
146,Freeport,US,2022-07-05 16:59:58,40.6576,-73.5832,88.99,56,89,8.99
147,Lebu,CL,2022-07-05 16:59:59,-37.6167,-73.65,52.11,85,100,7.11
148,Smithers,CA,2022-07-05 16:59:59,54.7804,-127.1743,59.32,88,75,5.75
149,Piacabucu,BR,2022-07-05 17:00:00,-10.4056,-36.4344,79.0,67,6,11.83
150,Priiskovyy,RU,2022-07-05 17:00:00,51.9333,116.6333,68.68,56,100,4.9
151,Luderitz,NA,2022-07-05 17:00:01,-26.6481,15.1594,58.62,63,0,14.52
152,Fortuna,US,2022-07-05 17:00:02,40.5982,-124.1573,64.85,94,100,0.0
153,Waingapu,ID,2022-07-05 17:00:03,-9.6567,120.2641,73.17,77,62,9.57
154,Laguna,US,2022-07-05 17:00:03,38.421,-121.4238,79.02,67,45,3.0
155,Half Moon Bay,US,2022-07-05 16:57:19,37.4636,-122.4286,77.58,87,75,9.22
156,Hirado,JP,2022-07-05 17:00:04,33.3597,129.5531,78.39,92,100,7.47
157,Puerto Leguizamo,CO,2022-07-05 17:00:05,-0.1934,-74.7819,71.29,99,99,0.65
158,Toledo,ES,2022-07-05 16:57:43,39.8333,-4.0,101.1,7,0,15.9
159,Gillette,US,2022-07-05 17:00:06,44.2911,-105.5022,67.12,68,75,16.11
160,Leningradskiy,RU,2022-07-05 17:00:07,69.3833,178.4167,50.97,70,98,4.59
161,Sturgis,US,2022-07-05 16:55:10,41.7992,-85.4192,80.28,89,100,9.22
162,Erzin,TR,2022-07-05 17:00:10,36.9559,36.2,76.35,79,0,6.29
163,Rio Gallegos,AR,2022-07-05 16:56:00,-51.6226,-69.2181,26.65,93,40,4.61
164,Beringovskiy,RU,2022-07-05 17:00:12,63.05,179.3167,46.44,91,100,3.98
165,Souillac,MU,2022-07-05 17:00:12,-20.5167,57.5167,68.97,80,87,13.58
166,Dingle,PH,2022-07-05 17:00:13,10.9995,122.6711,76.21,90,99,2.33
167,Key West,US,2022-07-05 16:59:20,24.5557,-81.7826,87.8,66,0,5.75
168,Saint-Doulchard,FR,2022-07-05 17:00:15,47.1037,2.352,79.45,32,0,8.97
169,Qaanaaq,GL,2022-07-05 17:00:15,77.484,-69.3632,46.17,50,11,2.55
170,Ixtapa,MX,2022-07-05 17:00:16,20.7,-105.2,85.23,79,98,2.53
171,Rocha,UY,2022-07-05 17:00:17,-34.4833,-54.3333,59.2,71,11,7.43
172,Paidha,UG,2022-07-05 17:00:18,2.4167,30.9855,63.82,55,43,3.38
173,Mabaruma,GY,2022-07-05 17:00:19,8.2,-59.7833,85.06,66,19,5.55
174,East Foothills,US,2022-07-05 17:00:20,37.3811,-121.8175,78.62,64,75,1.01
175,Vao,NC,2022-07-05 17:00:21,-22.6667,167.4833,73.63,73,96,16.37
176,Praia Da Vitoria,PT,2022-07-05 17:00:22,38.7333,-27.0667,71.76,76,100,9.17
177,Kuching,MY,2022-07-05 17:00:23,1.55,110.3333,75.42,94,20,2.3
178,Kavieng,PG,2022-07-05 17:00:24,-2.5744,150.7967,81.57,82,100,13.22
179,Emba,KZ,2022-07-05 17:00:25,48.8264,58.1442,61.75,72,81,14.16
180,Jamestown,US,2022-07-05 16:55:37,42.097,-79.2353,75.02,83,100,11.5
181,Saint-Pierre,RE,2022-07-05 17:00:26,-21.3393,55.4781,68.92,78,75,6.91
182,Hurricane,US,2022-07-05 17:00:28,37.1753,-113.2899,90.7,28,2,8.08
183,Padang,ID,2022-07-05 17:00:29,-0.9492,100.3543,77.05,84,100,2.8
184,Cabo San Lucas,MX,2022-07-05 16:57:48,22.8909,-109.9124,94.6,75,71,3.0
185,Udachnyy,RU,2022-07-05 17:00:30,66.4167,112.4,59.29,68,100,2.91
186,Sao Mateus,BR,2022-07-05 17:00:31,-18.7161,-39.8589,78.91,56,39,8.93
187,Cabog,PH,2022-07-05 17:00:32,15.3153,121.3703,77.72,90,95,2.37
188,Maceio,BR,2022-07-05 17:00:06,-9.6658,-35.7353,78.24,83,75,11.5
189,Kutum,SD,2022-07-05 17:00:33,14.2,24.6667,83.35,33,88,8.95
190,Elizabeth City,US,2022-07-05 17:00:34,36.2946,-76.2511,90.05,59,99,1.01
191,Tiksi,RU,2022-07-05 17:00:35,71.6872,128.8694,41.22,71,74,4.63
192,Cabinda,AO,2022-07-05 17:00:36,-5.55,12.2,72.32,79,32,10.67
193,Quchan,IR,2022-07-05 17:00:37,37.106,58.5095,67.12,39,0,7.74
194,Harlingen,US,2022-07-05 16:58:06,26.1906,-97.6961,94.89,80,4,14.94
195,Mandera,KE,2022-07-05 17:00:38,3.9366,41.867,82.13,47,84,16.31
196,Kompaniyivka,UA,2022-07-05 17:00:39,48.2511,32.208,82.94,34,6,4.85
197,Palu,ID,2022-07-05 17:00:15,-0.8917,119.8707,76.03,96,100,2.98
198,Honningsvag,NO,2022-07-05 16:55:49,70.9821,25.9704,55.15,82,0,3.44
199,Cherskiy,RU,2022-07-05 17:00:40,68.75,161.3,56.73,92,100,8.99
200,Kaeo,NZ,2022-07-05 17:00:41,-35.1,173.7833,60.33,97,100,12.73
201,Plastunovskaya,RU,2022-07-05 17:00:42,45.2939,39.2669,85.89,41,1,4.14
202,Provideniya,RU,2022-07-05 17:00:43,64.3833,-173.3,46.44,97,100,5.1
203,Cape Girardeau,US,2022-07-05 17:00:43,37.3834,-89.7168,95.81,52,6,5.46
204,Atuona,PF,2022-07-05 17:00:44,-9.8,-139.0333,77.31,80,8,25.77
205,Esperance,AU,2022-07-05 17:00:45,-33.8667,121.9,56.01,83,99,3.62
206,Phrae,TH,2022-07-05 17:00:46,18.0833,100.0,72.59,96,100,2.89
207,La Raya De Santa Maria,PA,2022-07-05 17:00:47,8.1667,-80.8167,80.98,80,100,3.09
208,Tombouctou,ML,2022-07-05 17:00:48,20.0,-3.0,110.79,6,10,10.04
209,Saint George,US,2022-07-05 16:56:57,37.1041,-113.5841,92.43,17,12,1.99
210,Felipe Carrillo Puerto,MX,2022-07-05 17:00:50,19.5833,-88.05,86.74,66,86,5.17
211,Kahului,US,2022-07-05 17:00:49,20.8947,-156.47,77.85,83,89,11.99
212,Ponta Do Sol,PT,2022-07-05 17:00:51,32.6667,-17.1,73.71,67,30,2.91
213,Yinchuan,CN,2022-07-05 17:00:52,38.4681,106.2731,82.63,24,17,5.14
214,Isla Aguada,MX,2022-07-05 17:00:52,18.7833,-91.4667,83.62,67,78,2.73
215,Cairns,AU,2022-07-05 17:00:53,-16.9167,145.7667,63.07,88,100,8.05
216,Coquimbo,CL,2022-07-05 17:00:54,-29.9533,-71.3436,58.66,59,89,8.23
217,Vardo,NO,2022-07-05 17:00:55,70.3705,31.1107,49.98,100,100,5.75
218,Black River,JM,2022-07-05 17:00:57,18.0264,-77.8487,89.69,55,44,11.16
219,Oranjemund,NA,2022-07-05 17:00:58,-28.55,16.4333,55.58,70,0,9.95
220,Vila Franca Do Campo,PT,2022-07-05 17:00:59,37.7167,-25.4333,68.41,75,92,7.38
221,Nador,MA,2022-07-05 17:01:00,35.174,-2.9287,84.27,57,0,11.5
222,Biala Podlaska,PL,2022-07-05 16:59:43,52.0324,23.1165,62.78,97,100,13.8
223,Fountain Hills,US,2022-07-05 17:00:06,33.6117,-111.7174,94.66,20,7,5.99
224,Saint-Philippe,RE,2022-07-05 17:01:02,-21.3585,55.7679,67.59,81,54,11.72
225,Torbay,CA,2022-07-05 17:01:03,47.6666,-52.7314,71.89,46,96,11.68
226,Longyearbyen,SJ,2022-07-05 17:01:05,78.2186,15.6401,44.44,76,75,13.8
227,Byron Bay,AU,2022-07-05 17:01:00,-28.65,153.6167,56.95,95,100,3.94
228,Taoudenni,ML,2022-07-05 17:01:06,22.6783,-3.9836,116.29,4,66,17.83
229,Vigrestad,NO,2022-07-05 17:01:07,58.5667,5.7,57.88,74,64,22.48
230,Reinheim,DE,2022-07-05 17:01:08,49.8269,8.8361,83.44,42,50,6.29
231,Gawler,AU,2022-07-05 17:01:08,-34.6,138.7333,47.48,94,0,3.29
232,Kyaikto,MM,2022-07-05 17:01:09,17.3,97.0167,78.33,89,100,3.62
233,Ilulissat,GL,2022-07-05 17:01:10,69.2167,-51.1,51.82,71,75,12.66
234,Radishchevo,RU,2022-07-05 17:01:12,52.85,47.8833,56.5,74,93,4.79
235,Togur,RU,2022-07-05 17:01:12,58.3631,82.8265,61.43,73,76,11.05
236,Bria,CF,2022-07-05 17:01:14,6.5423,21.9863,71.78,90,73,3.4
237,Vostok,RU,2022-07-05 17:01:14,46.4856,135.8833,61.77,97,33,3.65
238,Bangkalan,ID,2022-07-05 17:01:15,-7.0455,112.7351,78.75,87,95,4.16
239,Calabozo,VE,2022-07-05 17:01:16,8.9242,-67.4293,89.37,53,86,3.71
240,Ushtobe,KZ,2022-07-05 17:01:17,45.2514,77.9838,67.89,49,100,18.59
241,Naze,JP,2022-07-05 17:01:18,28.3667,129.4833,77.41,89,16,12.71
242,Lleida,ES,2022-07-05 16:57:15,41.6167,0.6167,86.2,42,20,5.75
243,Hasaki,JP,2022-07-05 17:01:19,35.7333,140.8333,75.29,95,93,4.34
244,Danielskuil,ZA,2022-07-05 17:01:20,-28.1887,23.5395,57.4,49,69,13.78
245,Birao,CF,2022-07-05 17:01:21,10.2849,22.7882,74.01,85,75,3.98
246,Matipo,BR,2022-07-05 17:01:21,-20.2839,-42.3411,78.78,38,5,6.51
247,Emerald,AU,2022-07-05 17:01:22,-23.5333,148.1667,46.35,92,30,4.94
248,Rosarito,MX,2022-07-05 17:01:24,32.3333,-117.0333,75.42,72,32,7.07
249,Parati,BR,2022-07-05 17:01:25,-23.2178,-44.7131,84.99,37,9,3.74
250,Hays,US,2022-07-05 17:01:26,30.0502,-98.0336,92.66,55,15,4.0
251,Nikolskoye,RU,2022-07-05 17:01:27,59.7035,30.7861,71.49,61,52,10.98
252,Tres Arroyos,AR,2022-07-05 17:01:28,-38.3739,-60.2798,56.59,20,56,15.86
253,Bozhou,CN,2022-07-05 17:01:29,33.8772,115.7703,77.04,97,100,6.2
254,Tual,ID,2022-07-05 17:01:30,-5.6667,132.75,78.93,80,100,17.92
255,Goderich,CA,2022-07-05 16:56:43,43.7501,-81.7165,70.12,88,89,10.36
256,Khilok,RU,2022-07-05 17:01:30,51.3674,110.4676,54.77,81,100,4.09
257,Christchurch,NZ,2022-07-05 17:01:22,-43.5333,172.6333,44.91,76,100,10.36
258,Lasa,IT,2022-07-05 17:01:31,46.6166,10.7002,75.36,68,54,5.46
259,Constitucion,CL,2022-07-05 17:01:32,-35.3333,-72.4167,52.95,67,98,6.35
260,Seoul,KR,2022-07-05 16:57:12,37.5683,126.9778,80.2,89,75,3.44
261,Aripuana,BR,2022-07-05 17:01:34,-9.1667,-60.6333,93.52,28,2,3.69
262,Havelock,US,2022-07-05 16:59:18,34.8791,-76.9013,87.98,78,82,1.99
263,Tabou,CI,2022-07-05 17:01:35,4.423,-7.3528,78.91,76,86,9.42
264,Port Hardy,CA,2022-07-05 17:00:08,50.6996,-127.4199,57.06,87,96,0.98
265,Riachao Das Neves,BR,2022-07-05 17:01:36,-11.7461,-44.91,87.75,21,0,8.21
266,Pombas,CV,2022-07-05 17:01:37,17.1503,-25.0201,72.19,82,58,13.69
267,Denpasar,ID,2022-07-05 17:00:25,-8.65,115.2167,80.26,83,20,14.97
268,Santa Rosa,PH,2022-07-05 17:01:38,14.3122,121.1114,77.09,86,97,3.22
269,Sao Gabriel Da Cachoeira,BR,2022-07-05 17:00:20,-0.1303,-67.0892,87.42,57,93,3.74
270,Yulara,AU,2022-07-05 17:01:40,-25.2406,130.9889,42.37,37,0,5.95
271,Moshny,UA,2022-07-05 17:01:42,49.5147,31.7476,81.64,40,38,8.05
272,Yambio,SS,2022-07-05 17:00:16,4.5721,28.3955,68.9,93,99,3.47
273,Kamaris,AM,2022-07-05 17:01:43,40.2354,44.6946,68.95,67,1,14.16
274,Busing,PH,2022-07-05 17:01:44,13.1514,122.9714,81.05,81,93,7.34
275,Bud,US,2022-07-05 17:01:45,39.447,-86.1758,94.15,63,16,10.13
276,Melfort,CA,2022-07-05 17:01:46,52.8667,-104.6177,61.48,68,100,11.01
277,Zubtsov,RU,2022-07-05 17:01:47,56.1753,34.5894,70.38,83,43,2.46
278,Grand Gaube,MU,2022-07-05 17:01:48,-20.0064,57.6608,70.2,74,76,3.0
279,Pedernales,DO,2022-07-05 17:01:49,18.0384,-71.744,86.29,62,8,2.15
280,Cap-Aux-Meules,CA,2022-07-05 17:01:50,47.3821,-61.8597,61.57,72,1,16.02
281,Georgetown,MY,2022-07-05 16:58:38,5.4112,100.3354,82.89,85,40,0.0
282,Samarai,PG,2022-07-05 17:01:51,-10.6167,150.6667,80.83,82,100,6.13
283,Tateyama,JP,2022-07-05 17:01:51,34.9833,139.8667,75.09,94,80,3.09
284,General Roca,AR,2022-07-05 17:01:52,-39.0333,-67.5833,58.62,33,30,18.48
285,Ginda,IN,2022-07-05 17:01:53,30.6945,78.4932,71.13,93,98,1.01
286,Hofn,IS,2022-07-05 17:05:54,64.2539,-15.2082,48.49,83,97,5.44
287,Iqaluit,CA,2022-07-05 17:02:06,63.7506,-68.5145,45.7,75,100,3.0
288,Vicuna,CL,2022-07-05 17:05:54,-30.0319,-70.7081,72.77,15,98,4.25
289,Talcahuano,CL,2022-07-05 17:05:55,-36.7167,-73.1167,53.28,94,100,10.36
290,Nanortalik,GL,2022-07-05 17:05:55,60.1432,-45.2371,43.27,96,100,5.84
291,Jacareacanga,BR,2022-07-05 17:03:20,-6.2222,-57.7528,93.6,31,5,4.41
292,Sibiti,CG,2022-07-05 17:02:23,-3.6819,13.3499,77.65,41,56,2.64
293,Moose Factory,CA,2022-07-05 17:05:56,51.2585,-80.6094,50.45,62,100,7.23
294,San Cristobal,VE,2022-07-05 17:04:06,7.7669,-72.225,82.67,45,12,7.63
295,Cap Malheureux,MU,2022-07-05 17:05:57,-19.9842,57.6142,68.47,74,67,4.0
296,Quime,BO,2022-07-05 17:05:57,-16.9833,-67.2167,63.0,33,93,7.29
297,Chumikan,RU,2022-07-05 17:05:58,54.7183,135.315,55.35,95,33,0.43
298,Manzhouli,CN,2022-07-05 17:05:58,49.6,117.4333,65.19,87,100,1.36
299,Cayenne,GF,2022-07-05 17:04:48,4.9333,-52.3333,82.09,1,100,4.61
300,Aklavik,CA,2022-07-05 17:05:59,68.2191,-135.0107,69.15,60,69,7.65
301,Pasaco,GT,2022-07-05 17:05:59,13.9772,-90.2064,88.14,54,75,1.12
302,Bayir,TR,2022-07-05 17:06:00,37.2687,28.2167,79.32,28,0,3.11
303,Paide,EE,2022-07-05 17:06:00,58.8856,25.5572,66.87,53,21,9.06
304,Alta Floresta,BR,2022-07-05 17:06:01,-9.8756,-56.0861,93.33,23,3,3.31
305,Yarmouth,US,2022-07-05 17:06:01,41.7057,-70.2286,74.01,80,100,10.36
306,Ballina,AU,2022-07-05 17:06:03,-28.8667,153.5667,57.02,99,100,5.57
307,Dali,CN,2022-07-05 17:06:03,25.7,100.1833,65.17,89,95,3.69
308,Beira,MZ,2022-07-05 17:06:04,-19.8436,34.8389,67.71,79,18,6.69
309,Fare,PF,2022-07-05 17:06:04,-16.7,-151.0167,79.38,74,22,18.57
310,Yasnyy,RU,2022-07-05 17:06:05,51.0333,59.8742,55.27,68,97,11.63
311,Pisco,PE,2022-07-05 17:06:05,-13.7,-76.2167,63.01,82,71,4.7
312,Namibe,AO,2022-07-05 17:06:05,-15.1961,12.1522,64.85,80,7,8.23
313,Namatanai,PG,2022-07-05 17:06:06,-3.6667,152.4333,78.89,85,96,8.66
314,Ust-Tarka,RU,2022-07-05 17:06:06,55.5672,75.705,57.81,98,100,10.02
315,Pese,PA,2022-07-05 17:06:07,7.9,-80.6167,77.79,76,100,2.28
316,Takoradi,GH,2022-07-05 17:06:07,4.8845,-1.7554,77.52,83,87,9.8
317,Halifax,CA,2022-07-05 17:03:55,44.6453,-63.5724,79.52,47,97,11.01
318,Derzhavinsk,KZ,2022-07-05 17:06:08,51.1,66.3167,55.98,76,96,5.32
319,Biltine,TD,2022-07-05 17:06:08,14.5333,20.9167,91.94,32,52,12.26
320,Maarianhamina,AX,2022-07-05 17:06:09,60.0973,19.9348,67.86,52,0,14.97
321,Sitka,US,2022-07-05 17:06:09,57.0531,-135.33,63.37,75,92,5.32
322,Saldanha,ZA,2022-07-05 17:06:10,-33.0117,17.9442,55.26,76,0,3.4
323,Kavaratti,IN,2022-07-05 17:06:10,10.5669,72.642,81.95,83,100,21.16
324,Kuandian,CN,2022-07-05 17:06:10,40.7286,124.7847,70.11,94,37,2.19
325,Korla,CN,2022-07-05 17:06:11,41.7597,86.1469,88.74,18,0,13.67
326,Osa,RU,2022-07-05 17:06:12,57.2829,55.4567,59.47,74,60,4.34
327,Thaba Nchu,ZA,2022-07-05 17:06:12,-29.2093,26.839,52.14,49,30,6.26
328,Katsuura,JP,2022-07-05 17:06:14,35.1333,140.3,74.34,95,85,10.51
329,Noshiro,JP,2022-07-05 17:06:14,40.2039,140.0242,70.63,88,2,4.79
330,Saint Anthony,US,2022-07-05 17:06:15,45.0205,-93.218,88.11,80,100,9.22
331,Aleksandrovka,UA,2022-07-05 17:06:15,46.8383,32.7612,84.0,31,56,10.87
332,Tura,IN,2022-07-05 17:06:16,25.5198,90.2201,76.95,91,76,3.94
333,Ngunguru,NZ,2022-07-05 17:06:16,-35.6167,174.5,61.63,96,100,7.31
334,Twin Falls,US,2022-07-05 17:06:17,42.3505,-114.6445,72.93,28,4,4.59
335,Syamzha,RU,2022-07-05 17:06:17,60.0158,41.0614,64.06,96,80,4.45
336,Pashiya,RU,2022-07-05 17:06:17,58.4324,58.2562,56.93,75,100,4.12
337,Itarema,BR,2022-07-05 17:06:18,-2.9248,-39.9167,83.01,65,54,13.38
338,Urengoy,RU,2022-07-05 17:06:18,65.9667,78.3667,57.22,59,32,6.06
339,Kerema,PG,2022-07-05 17:06:19,-7.9631,145.7785,77.81,87,100,3.87
340,Camacha,PT,2022-07-05 17:06:19,33.0833,-16.3333,67.42,60,75,12.66
341,Saurimo,AO,2022-07-05 17:06:20,-9.6608,20.3916,71.02,26,6,1.77
342,Bardiyah,LY,2022-07-05 17:06:20,31.7561,25.0865,79.5,56,0,17.85
343,Estelle,US,2022-07-05 17:06:21,29.8458,-90.1067,82.99,83,100,6.91
344,Dawlatabad,AF,2022-07-05 17:06:21,36.4141,64.9053,82.2,21,0,6.46
345,Petropavlovsk-Kamchatskiy,RU,2022-07-05 17:06:21,53.0452,158.6483,49.3,95,92,0.51
346,Ankazobe,MG,2022-07-05 17:06:22,-18.3167,47.1167,52.7,92,2,6.51
347,Lompoc,US,2022-07-05 17:06:22,34.6391,-120.4579,74.7,86,100,14.0
348,Kindia,GN,2022-07-05 17:06:23,10.0569,-12.8658,78.82,79,85,1.95
349,Rosario,AR,2022-07-05 17:06:23,-32.9468,-60.6393,64.94,64,20,5.75
350,Paciran,ID,2022-07-05 17:06:24,-6.8767,112.3761,79.38,84,76,5.37
351,Olafsvik,IS,2022-07-05 17:06:24,64.8945,-23.7142,52.16,74,100,7.58
352,Rio Grande,BR,2022-07-05 17:06:24,-32.035,-52.0986,57.31,90,100,8.25
353,Srednekolymsk,RU,2022-07-05 17:06:26,67.45,153.6833,59.09,67,95,21.14
354,Doka,SD,2022-07-05 17:06:26,13.5167,35.7667,83.25,55,13,6.91
355,Virginia Beach,US,2022-07-05 17:04:45,36.8529,-75.978,93.06,57,75,12.66
356,Hue,VN,2022-07-05 17:06:27,16.4667,107.6,84.31,84,20,3.44
357,Mandan,US,2022-07-05 17:06:27,46.8267,-100.8896,69.78,100,0,9.22
358,Fort Payne,US,2022-07-05 17:06:28,34.4442,-85.7197,92.41,56,40,4.61
359,Clyde River,CA,2022-07-05 17:06:28,70.4692,-68.5914,39.25,76,99,3.69
360,Kirakira,SB,2022-07-05 17:06:29,-10.4544,161.9205,80.19,73,86,12.73
361,Grand Baie,MU,2022-07-05 17:06:29,-20.0182,57.5802,68.45,72,57,5.99
362,Nioro,GM,2022-07-05 17:06:30,13.35,-15.75,86.85,60,97,9.35
363,Zhangye,CN,2022-07-05 17:06:00,38.9342,100.4517,76.33,22,0,7.05
364,Strezhevoy,RU,2022-07-05 17:06:31,60.7333,77.5889,54.52,67,99,8.23
365,Marsa Matruh,EG,2022-07-05 17:06:31,31.3525,27.2453,79.54,68,0,10.56
366,Bairnsdale,AU,2022-07-05 17:06:32,-37.8333,147.6167,39.06,93,1,1.99
367,Kabalo,CD,2022-07-05 17:06:32,-6.05,26.9167,80.44,29,6,5.12
368,Sao Joao Da Barra,BR,2022-07-05 17:06:11,-21.6403,-41.0511,75.79,64,0,15.3
369,Sabha,LY,2022-07-05 17:06:33,27.0377,14.4283,96.17,14,0,16.98
370,Butembo,CD,2022-07-05 17:06:33,0.15,29.2833,60.66,82,68,2.95
371,Abu Zabad,SD,2022-07-05 17:06:34,12.35,29.25,85.64,45,58,5.75
372,Inhambane,MZ,2022-07-05 17:06:34,-23.865,35.3833,66.52,76,0,6.42
373,Dukat,RU,2022-07-05 17:06:34,62.55,155.55,46.67,97,90,5.59
374,Leogane,HT,2022-07-05 17:06:35,18.5108,-72.6339,87.13,59,12,5.7
375,Meulaboh,ID,2022-07-05 17:06:35,4.1363,96.1285,79.21,82,100,3.11
376,Arlit,NE,2022-07-05 17:06:36,18.7369,7.3853,104.49,14,27,5.97
377,Airai,TL,2022-07-05 17:06:36,-8.9266,125.4092,53.56,91,44,2.3
378,Riviere-Au-Renard,CA,2022-07-05 17:06:37,48.9957,-64.3971,62.6,55,16,18.92
379,Charlestown,AU,2022-07-05 17:06:37,-32.95,151.6667,60.85,97,100,4.0
380,Tarauaca,BR,2022-07-05 17:06:38,-8.1614,-70.7656,93.45,36,38,2.98
381,Ilhabela,BR,2022-07-05 17:06:38,-23.7781,-45.3581,79.5,48,9,4.94
382,Roma,US,2022-07-05 17:02:03,43.2128,-75.4557,74.88,82,100,8.05
383,Lashio,MM,2022-07-05 17:06:39,22.9333,97.75,69.64,98,100,1.36
384,Ust-Tsilma,RU,2022-07-05 17:06:39,65.441,52.1498,67.6,79,73,2.55
385,College,US,2022-07-05 17:06:39,64.8569,-147.8028,64.35,83,75,4.61
386,Atambua,ID,2022-07-05 17:06:40,-9.1061,124.8925,67.57,87,42,6.2
387,Praia,CV,2022-07-05 17:06:40,14.9215,-23.5087,77.59,76,87,10.29
388,Lyngseidet,NO,2022-07-05 17:06:41,69.5763,20.2189,69.8,84,98,7.76
389,Sinazongwe,ZM,2022-07-05 17:06:41,-17.2614,27.4618,69.3,51,21,3.78
390,Hithadhoo,MV,2022-07-05 17:06:42,-0.6,73.0833,82.96,72,52,7.25
391,Del Rio,US,2022-07-05 17:06:42,29.3627,-100.8968,88.23,60,20,14.97
392,San Esteban,HN,2022-07-05 17:06:42,15.2,-85.75,79.7,83,96,4.43
393,Rio De Janeiro,BR,2022-07-05 17:06:43,-22.9028,-43.2075,83.53,37,1,1.81
394,Axim,GH,2022-07-05 17:06:43,4.8699,-2.2405,77.61,80,95,8.9
395,Luang Prabang,LA,2022-07-05 17:06:44,19.8856,102.1347,75.76,98,100,2.08
396,Mimongo,GA,2022-07-05 17:06:44,-1.6195,11.6068,77.36,63,15,2.8
397,Encruzilhada,BR,2022-07-05 17:06:45,-15.5314,-40.9094,75.24,52,90,8.14
398,Okha,RU,2022-07-05 17:06:45,53.5739,142.9478,58.53,88,55,11.07
399,Matara,LK,2022-07-05 17:06:46,5.9485,80.5353,78.03,87,80,9.37
400,Zyryanovsk,KZ,2022-07-05 17:06:47,49.7386,84.2719,57.85,77,58,5.64
401,Ahuimanu,US,2022-07-05 17:06:47,21.4447,-157.8378,74.91,89,100,11.5
402,Lazurne,UA,2022-07-05 17:06:48,46.084,32.5295,77.97,59,0,9.6
403,San Jose,US,2022-07-05 17:06:48,37.3394,-121.895,79.48,65,75,5.01
404,Husavik,IS,2022-07-05 17:06:49,66.0449,-17.3389,44.64,77,81,8.37
405,Rockhampton,AU,2022-07-05 17:06:49,-23.3833,150.5,49.89,93,100,0.0
406,Dharchula,IN,2022-07-05 17:06:49,29.85,80.5333,77.13,93,100,1.39
407,Sabang,ID,2022-07-05 17:06:50,5.8933,95.3214,83.86,74,98,13.82
408,Lavrentiya,RU,2022-07-05 17:06:50,65.5833,-171.0,45.1,95,99,5.1
409,Coahuayana,MX,2022-07-05 17:06:51,18.7333,-103.6833,88.14,63,96,1.25
410,Manadhoo,MV,2022-07-05 17:06:51,5.7667,73.3833,82.9,81,98,16.62
411,Nalut,LY,2022-07-05 17:02:29,30.3333,10.85,100.53,10,0,19.08
412,Avera,US,2022-07-05 17:06:52,33.194,-82.5271,91.54,42,10,4.7
413,Medicine Hat,CA,2022-07-05 17:04:02,50.0501,-110.6683,69.22,66,0,4.0
414,Hwange,ZW,2022-07-05 17:06:52,-18.3693,26.5019,66.31,46,0,3.87
415,Skjervoy,NO,2022-07-05 17:02:59,70.0311,20.9714,66.2,76,60,14.03
416,Nacogdoches,US,2022-07-05 17:06:53,31.6002,-94.6335,94.57,64,75,4.61
417,Hanko,FI,2022-07-05 17:06:53,59.8333,22.95,65.14,73,36,17.94
418,Saint-Leu,RE,2022-07-05 17:06:54,-21.15,55.2833,68.32,74,94,7.23
419,Sadri,IN,2022-07-05 17:06:54,25.1833,73.4333,89.56,60,59,4.45
420,Palmas,BR,2022-07-05 17:02:39,-10.2128,-48.3603,91.94,28,0,6.62
421,Amuntai,ID,2022-07-05 17:06:55,-2.4177,115.2494,73.98,95,93,0.94
422,Kiama,AU,2022-07-05 17:06:55,-34.6833,150.8667,57.99,87,100,1.99
423,Drayton Valley,CA,2022-07-05 17:06:56,53.2168,-114.9854,52.47,96,100,8.21
424,Jatiroto,ID,2022-07-05 17:06:56,-7.8833,111.1167,74.23,92,73,1.68
425,Broken Hill,AU,2022-07-05 17:02:33,-31.95,141.4333,44.65,66,0,9.42
426,Neustadt,DE,2022-07-05 17:06:57,49.7117,12.0872,80.31,45,10,7.38
427,Kathmandu,NP,2022-07-05 17:05:12,27.7167,85.3167,73.62,94,40,4.61
428,Canutama,BR,2022-07-05 17:06:57,-6.5339,-64.3831,90.79,45,17,4.74
429,Milkovo,RU,2022-07-05 17:06:58,54.7167,158.6167,49.87,90,73,4.16
430,Teseney,ER,2022-07-05 17:06:58,15.11,36.6575,89.42,39,5,3.98
431,Madera,US,2022-07-05 17:06:24,37.1666,-119.8343,85.39,42,0,4.0
432,Celestun,MX,2022-07-05 17:06:59,20.8667,-90.4,86.76,61,24,8.1
433,Warri,NG,2022-07-05 17:07:00,5.5167,5.75,77.04,89,91,4.14
434,Pouebo,NC,2022-07-05 17:07:00,-20.4,164.5667,73.62,86,100,12.06
435,Portland,US,2022-07-05 17:06:55,45.5234,-122.6762,69.93,70,100,5.99
436,Fairbanks,US,2022-07-05 17:03:48,64.8378,-147.7164,64.36,83,75,4.61
437,Urumqi,CN,2022-07-05 17:07:01,43.801,87.6005,65.35,64,75,8.95
438,Tamale,GH,2022-07-05 17:07:02,9.4008,-0.8393,85.33,59,59,5.97
439,Quakenbruck,DE,2022-07-05 17:07:02,52.6833,7.95,69.6,60,93,12.33
440,Sovetskiy,RU,2022-07-05 17:07:03,61.3614,63.5842,51.64,92,100,3.24
441,Maloy,NO,2022-07-05 17:07:03,61.9353,5.1136,49.73,77,100,15.86
442,Balikpapan,ID,2022-07-05 17:07:04,-1.2675,116.8289,79.79,83,40,4.61
443,Promyshlennovskiy,RU,2022-07-05 17:07:04,55.4833,86.2,65.17,95,100,10.49
444,Lamar,US,2022-07-05 17:06:34,33.6668,-95.5836,96.98,32,2,10.29
445,Gravelbourg,CA,2022-07-05 17:07:05,49.8834,-106.5512,65.59,73,100,7.78
446,Pasni,PK,2022-07-05 17:07:05,25.2631,63.471,84.92,81,23,2.04
447,Taltal,CL,2022-07-05 17:07:06,-25.4,-70.4833,65.32,57,96,3.02
448,La Palma,US,2022-07-05 17:07:07,33.8464,-118.0467,78.19,65,20,5.75
449,Requena,ES,2022-07-05 17:07:07,39.4883,-1.1004,72.79,48,72,4.47
450,Dungarpur,IN,2022-07-05 17:07:08,23.8333,73.7167,79.02,88,92,13.87
451,Ingham,US,2022-07-05 17:07:08,42.6,-84.3833,79.92,81,100,8.05
452,Svetlogorsk,BY,2022-07-05 17:07:09,52.6333,29.7333,74.16,74,84,3.74
453,Palana,RU,2022-07-05 17:07:09,59.1167,159.9667,46.09,74,77,7.11
454,Henties Bay,NA,2022-07-05 17:07:10,-22.116,14.2845,57.16,76,0,11.68
455,Ponta Delgada,PT,2022-07-05 17:07:10,37.7333,-25.6667,73.51,77,75,11.5
456,Khani,GE,2022-07-05 17:07:11,41.9563,42.9566,63.97,92,24,1.99
457,Bubaque,GW,2022-07-05 17:07:11,11.2833,-15.8333,79.81,79,81,12.55
458,Nushki,PK,2022-07-05 17:07:11,29.5542,66.0215,84.72,55,50,5.32
459,Paamiut,GL,2022-07-05 17:07:12,61.994,-49.6678,41.16,98,97,1.81
460,Marsh Harbour,BS,2022-07-05 17:05:34,26.5412,-77.0636,83.12,72,17,11.05
461,Cururupu,BR,2022-07-05 17:04:50,-1.8283,-44.8683,85.51,59,24,6.51
462,Cockburn Town,TC,2022-07-05 17:07:13,21.4612,-71.1419,81.39,77,47,18.21
463,Homa Bay,KE,2022-07-05 17:07:13,-0.5273,34.4571,68.09,61,13,1.63
464,Hami,CN,2022-07-05 17:07:14,42.8,93.45,87.58,18,2,24.65
465,Almenara,BR,2022-07-05 17:02:48,-16.1836,-40.6944,82.67,43,36,8.16
466,Kulhudhuffushi,MV,2022-07-05 17:07:14,6.6221,73.07,82.65,81,95,15.35
467,Venado Tuerto,AR,2022-07-05 17:07:15,-33.7456,-61.9688,62.78,33,0,6.76
468,Canberra,AU,2022-07-05 17:04:55,-35.2835,149.1281,48.69,80,75,11.5
469,Gat,IL,2022-07-05 17:07:15,31.61,34.7642,83.39,22,0,8.23
470,Lakeside,US,2022-07-05 17:05:14,30.13,-81.7682,93.34,61,75,4.61
471,Palmer,US,2022-07-05 17:07:16,42.1584,-72.3287,81.77,63,100,5.75
472,Kendari,ID,2022-07-05 17:07:17,-3.945,122.4989,74.43,93,99,1.28
473,Rocky Mountain House,CA,2022-07-05 17:03:49,52.3668,-114.9188,52.56,97,100,4.97
474,Parksville,CA,2022-07-05 17:07:17,49.3163,-124.3195,62.73,95,77,1.99
475,Alofi,NU,2022-07-05 17:07:18,-19.0595,-169.9187,75.85,64,97,17.54
476,Kikwit,CD,2022-07-05 17:07:18,-5.041,18.8162,83.57,19,8,0.89
477,Kitui,KE,2022-07-05 17:07:18,-1.367,38.0106,66.87,56,76,6.91
478,Ventspils,LV,2022-07-05 17:07:19,57.3894,21.5606,64.33,72,20,11.5
479,Angoche,MZ,2022-07-05 17:07:19,-16.2325,39.9086,71.92,71,2,8.77
480,Sioux Lookout,CA,2022-07-05 17:07:09,50.1001,-91.917,72.88,41,78,7.38
481,Porto Novo,BJ,2022-07-05 17:07:20,6.4965,2.6036,78.55,80,91,8.5
482,Shahrud,IR,2022-07-05 17:07:20,36.4182,54.9763,65.79,41,1,14.47
483,Zaraza,VE,2022-07-05 17:07:21,9.3503,-65.3245,91.89,47,29,3.6
484,Huari,PE,2022-07-05 17:07:22,-9.3333,-77.2333,52.36,35,35,7.87
485,Fernandez,AR,2022-07-05 17:07:22,-27.9204,-63.8935,64.15,47,100,4.32
486,Topolobampo,MX,2022-07-05 17:07:23,25.6,-109.05,89.51,55,40,13.8
487,Atar,MR,2022-07-05 17:02:33,20.5169,-13.0499,108.0,12,29,20.96
488,Northam,GB,2022-07-05 17:07:23,51.0333,-4.2167,63.25,80,86,10.78
489,Paignton,GB,2022-07-05 17:07:24,50.4357,-3.5679,71.19,73,91,8.01
490,Maningrida,AU,2022-07-05 17:07:24,-12.0667,134.2667,55.51,78,19,11.48
491,Konevo,RU,2022-07-05 17:07:25,62.1215,39.3192,64.44,96,79,5.82
492,Haines Junction,CA,2022-07-05 17:07:25,60.7522,-137.5108,70.7,56,24,2.01
493,Parit Buntar,MY,2022-07-05 17:07:25,5.1267,100.4932,82.94,84,86,3.6
494,Sibolga,ID,2022-07-05 17:07:26,1.7427,98.7792,79.39,74,94,2.55
495,Xuddur,SO,2022-07-05 17:07:26,4.1213,43.8894,77.61,55,100,19.26
496,Adelaide,AU,2022-07-05 17:07:28,-34.9333,138.6,49.32,85,0,1.99
497,Vanavara,RU,2022-07-05 17:07:28,60.34,102.2797,59.2,75,100,3.29
498,Alice Springs,AU,2022-07-05 17:02:34,-23.7,133.8833,31.55,69,4,5.75
499,Podor,MR,2022-07-05 17:07:29,16.6527,-14.9587,101.73,28,7,7.58
500,Nemuro,JP,2022-07-05 17:07:29,43.3236,145.575,53.73,98,100,8.03
501,Hualmay,PE,2022-07-05 17:07:30,-11.0964,-77.6139,66.34,70,38,7.52
502,Veraval,IN,2022-07-05 17:07:30,20.9,70.3667,81.79,88,100,14.23
503,Solone,UA,2022-07-05 17:07:31,48.2081,34.8721,81.09,38,79,8.16
504,Kharhial,IN,2022-07-05 17:07:31,20.2833,82.7667,83.97,69,100,2.86
505,Tiverton,GB,2022-07-05 17:03:55,50.9,-3.4833,70.23,70,40,13.8
506,Khash,IR,2022-07-05 17:07:32,28.2211,61.2158,83.16,18,100,12.93
507,Oranjestad,AW,2022-07-05 17:03:50,12.524,-70.027,80.37,85,11,21.77
508,Los Llanos De Aridane,ES,2022-07-05 17:07:32,28.6585,-17.9182,71.35,79,75,14.97
509,Piopio,NZ,2022-07-05 17:07:33,-38.4667,175.0167,56.08,98,100,3.51
510,Bilibino,RU,2022-07-05 17:07:33,68.0546,166.4372,56.19,64,100,4.54
511,Jieshi,CN,2022-07-05 17:07:34,22.8134,115.8257,79.88,89,100,6.49
512,Champerico,GT,2022-07-05 17:07:34,14.3,-91.9167,84.34,75,98,7.49
513,Ereymentau,KZ,2022-07-05 17:07:34,51.6199,73.1033,53.92,87,100,18.86
514,Tobermory,CA,2022-07-05 17:07:35,45.2501,-81.6665,59.25,96,99,8.79
515,Baherden,TM,2022-07-05 17:07:35,38.4362,57.4316,81.79,22,0,5.41
516,Thinadhoo,MV,2022-07-05 17:07:36,0.5333,72.9333,82.67,72,35,3.56
517,Umm Kaddadah,SD,2022-07-05 17:07:36,13.6017,26.6876,92.46,30,23,7.56
518,Arman,RU,2022-07-05 17:07:37,59.7,150.1667,52.27,86,97,0.54
519,Santa Maria Da Vitoria,BR,2022-07-05 17:07:37,-13.3947,-44.1886,86.56,25,0,6.58
520,Baykit,RU,2022-07-05 17:07:38,61.67,96.37,57.4,70,100,2.75
521,Dalbandin,PK,2022-07-05 17:07:38,28.8947,64.4101,88.25,44,83,7.38
522,Pakhtakoron,TJ,2022-07-05 17:07:39,40.1571,68.7466,73.8,32,18,4.03
523,Avallon,FR,2022-07-05 17:07:39,47.4833,3.9,75.4,44,0,6.55
524,La Asuncion,VE,2022-07-05 17:07:39,11.0333,-63.8628,82.38,73,69,11.7
525,Sobolevo,RU,2022-07-05 17:07:40,54.4299,31.8996,70.34,84,32,4.47
526,Nyurba,RU,2022-07-05 17:07:41,63.2842,118.3319,57.6,97,100,8.37
527,Atikokan,CA,2022-07-05 17:07:41,48.7555,-91.6216,70.47,65,94,5.37
528,Mayo,US,2022-07-05 17:07:42,38.8876,-76.5119,86.34,75,75,13.8
529,Lerwick,GB,2022-07-05 17:07:42,60.1545,-1.1494,55.4,77,47,19.01
530,Khorramshahr,IR,2022-07-05 17:07:43,30.4397,48.1664,102.15,8,0,15.88
531,San Policarpo,PH,2022-07-05 17:07:43,12.1791,125.5072,78.46,88,100,4.18
532,Andenes,NO,2022-07-05 17:07:44,69.3143,16.1194,58.98,82,100,20.71
533,Bayanday,RU,2022-07-05 17:07:44,53.0661,105.5139,51.31,93,58,1.23
534,Yashkul,RU,2022-07-05 17:07:44,46.1711,45.3435,78.55,26,4,9.84
535,Pogranichnyy,RU,2022-07-05 17:07:45,44.4064,131.3769,66.15,98,100,2.95
536,Nouadhibou,MR,2022-07-05 17:07:45,20.931,-17.0347,68.07,86,21,28.23
537,Zhigansk,RU,2022-07-05 17:07:46,66.7697,123.3711,47.75,70,100,16.96
538,Anito,PH,2022-07-05 17:07:46,12.4497,125.2886,78.24,88,100,3.15
539,Ferkessedougou,CI,2022-07-05 17:07:47,9.6,-5.2,86.68,53,87,7.81
540,Pangody,RU,2022-07-05 17:07:48,65.85,74.4859,54.05,75,99,8.19
541,Quelimane,MZ,2022-07-05 17:07:49,-17.8786,36.8883,65.64,82,3,4.43
542,Mehamn,NO,2022-07-05 17:03:15,71.0357,27.8492,58.95,82,0,5.75
543,Talara,PE,2022-07-05 17:07:49,-4.5772,-81.2719,77.76,57,0,11.5
544,Srandakan,ID,2022-07-05 17:07:50,-7.9386,110.2506,76.66,92,77,3.89
545,Turayf,SA,2022-07-05 17:07:50,31.6725,38.6637,86.16,19,0,19.01
546,Shu,KZ,2022-07-05 17:07:51,43.5983,73.7614,66.0,53,56,15.55
547,Kulykivka,UA,2022-07-05 17:07:51,51.3735,31.6466,76.71,66,67,1.77
548,Alekseyevsk,RU,2022-07-05 17:07:52,57.8406,108.3492,54.45,92,84,1.79
549,Dangriga,BZ,2022-07-05 17:07:52,16.9692,-88.2321,84.25,69,91,8.66
550,Yilan,TW,2022-07-05 17:07:53,24.757,121.753,85.01,90,26,3.31
551,Sarahan,IN,2022-07-05 17:07:53,31.5167,77.8,69.46,90,77,0.47
552,Syracuse,IT,2022-07-05 17:04:06,37.0881,15.2792,90.77,53,11,10.69
